4199,Arsenal,Charlton,5,3,H,1,2,A,18,7,9,4,12,15,8,3,0,1,0,0
4200,Bradford,Leicester,0,0,D,0,0,D,8,13,4,8,11,12,6,8,1,2,0,0
4201,Everton,Derby,2,2,D,2,0,H,12,7,9,4,11,9,11,2,2,3,0,0
4202,Ipswich,Sunderland,1,0,H,0,0,D,14,9,5,3,10,12,7,6,1,1,0,0
4203,Man City,Coventry,1,2,A,0,2,A,14,9,5,8,7,12,5,5,2,3,0,0
4204,Middlesbrough,Leeds,1,2,A,0,2,A,15,16,8,11,12,20,4,8,2,0,0,0
4205,Newcastle,Tottenham,2,0,H,1,0,H,15,10,6,2,13,10,4,2,0,0,0,0
4206,Southampton,Liverpool,3,3,D,0,1,A,14,9,7,4,7,6,7,1,0,0,0,0
4207,West Ham,Man United,2,2,D,0,1,A,17,8,8,5,12,9,7,5,1,0,0,0
4208,Aston Villa,Chelsea,1,1,D,1,1,D,12,11,9,7,13,12,7,10,0,1,0,0
4209,Leeds,Man City,1,2,A,0,2,A,6,8,1,3,18,24,9,4,2,2,0,0
4210,Man United,Bradford,6,0,H,2,0,H,21,6,12,4,12,10,5,1,0,1,0,0
4211,Sunderland,West Ham,1,1,D,1,1,D,17,16,7,9,19,14,4,11,2,3,0,0
4212,Tottenham,Everton,3,2,H,1,2,A,11,11,7,6,11,10,7,5,1,2,0,0
4213,Charlton,Southampton,1,1,D,0,0,D,8,11,6,3,14,16,10,14,3,3,1,0
4214,Chelsea,Arsenal,2,2,D,1,0,H,12,13,5,5,16,22,7,6,3,1,0,0
4215,Coventry,Newcastle,0,2,A,0,1,A,13,13,3,6,11,18,6,8,1,1,0,0
4216,Derby,Middlesbrough,3,3,D,0,1,A,9,5,5,4,8,10,11,5,3,2,0,0
4217,Leicester,Ipswich,2,1,H,0,0,D,12,7,6,3,12,13,6,2,1,1,0,0
4218,Liverpool,Aston Villa,3,1,H,3,0,H,11,9,7,4,13,7,8,7,0,2,0,0
4219,Bradford,Arsenal,1,1,D,1,0,H,9,18,5,11,17,13,4,10,0,2,0,0
4220,Coventry,Leeds,0,0,D,0,0,D,9,11,1,5,15,14,6,6,2,2,0,0
4221,Ipswich,Aston Villa,1,2,A,0,1,A,15,5,5,2,9,13,5,3,1,3,0,0
4222,Leicester,Southampton,1,0,H,0,0,D,17,9,6,5,6,9,10,6,0,0,0,0
4223,Liverpool,Man City,3,2,H,1,0,H,14,9,8,7,17,17,9,4,3,4,0,0
4224,Man United,Sunderland,3,0,H,1,0,H,15,5,7,1,18,14,4,4,1,3,0,0
4225,Middlesbrough,Everton,1,2,A,1,0,H,9,12,5,9,16,5,7,7,3,0,0,0
4226,Newcastle,Chelsea,0,0,D,0,0,D,10,10,4,3,17,21,5,6,0,3,0,0
4227,Derby,Charlton,2,2,D,2,0,H,12,10,6,6,17,12,4,11,3,1,0,0
4228,Tottenham,West Ham,1,0,H,0,0,D,15,11,7,5,14,13,11,3,1,2,0,0
4229,Arsenal,Coventry,2,1,H,1,0,H,18,6,13,2,5,13,8,4,1,2,0,0
4230,Aston Villa,Bradford,2,0,H,1,0,H,12,8,7,4,8,12,5,6,0,2,0,0
4231,Charlton,Tottenham,1,0,H,1,0,H,9,10,5,5,8,10,7,5,0,0,0,0
4232,Everton,Man United,1,3,A,0,3,A,6,17,4,9,10,11,6,5,4,1,0,0
4233,Leeds,Ipswich,1,2,A,1,1,D,11,12,6,7,12,19,6,3,1,3,0,0
4234,Southampton,Newcastle,2,0,H,0,0,D,13,10,9,7,14,14,4,8,0,0,0,0
4235,Sunderland,Derby,2,1,H,1,0,H,15,10,8,5,16,28,4,5,2,3,0,0
4236,Chelsea,Leicester,0,2,A,0,1,A,16,7,10,5,16,17,15,3,3,1,0,0
4237,Man City,Middlesbrough,1,1,D,0,0,D,11,4,4,2,15,11,9,3,2,5,0,0
4238,West Ham,Liverpool,1,1,D,0,1,A,15,7,4,2,5,13,9,0,0,2,0,0
4239,Bradford,Southampton,0,1,A,0,1,A,14,6,6,4,14,18,7,5,3,1,0,0
4240,Coventry,West Ham,0,3,A,0,2,A,9,12,2,10,12,11,5,6,0,1,0,0
4241,Derby,Leeds,1,1,D,0,1,A,13,16,7,6,17,15,7,4,2,2,1,0
4242,Ipswich,Arsenal,1,1,D,0,0,D,17,10,6,4,8,13,4,7,1,2,0,0
4243,Liverpool,Sunderland,1,1,D,1,1,D,11,8,6,3,14,18,12,3,2,2,0,0
4244,Man United,Chelsea,3,3,D,3,2,H,11,13,5,5,15,19,8,4,3,2,0,0
4245,Middlesbrough,Aston Villa,1,1,D,0,0,D,12,15,5,7,7,14,5,5,3,0,0,0
4246,Newcastle,Charlton,0,1,A,0,1,A,12,4,5,2,14,10,4,7,1,2,0,0
4247,Tottenham,Man City,0,0,D,0,0,D,18,7,5,2,10,14,5,4,0,2,0,0
4248,Leicester,Everton,1,1,D,1,0,H,10,9,4,3,14,13,9,3,3,1,0,0
4249,Aston Villa,Derby,4,1,H,2,0,H,12,11,7,6,0,1,6,6,1,1,0,0
4250,Charlton,Coventry,2,2,D,0,1,A,12,10,8,6,8,16,6,6,1,2,0,0
4251,Everton,Ipswich,0,3,A,0,1,A,7,9,3,7,6,5,4,1,1,0,0,0
4252,Leeds,Tottenham,4,3,H,0,1,A,14,10,7,5,11,20,6,4,0,2,0,0
4253,Man City,Newcastle,0,1,A,0,0,D,9,15,7,9,16,12,10,8,0,1,0,0
4254,Southampton,Middlesbrough,1,3,A,0,2,A,16,7,8,5,6,22,6,6,2,2,0,0
4255,West Ham,Bradford,1,1,D,1,0,H,14,9,6,6,14,10,7,2,3,2,0,0
4256,Arsenal,Man United,1,0,H,1,0,H,7,13,5,4,18,17,3,11,2,3,0,0
4257,Chelsea,Liverpool,3,0,H,2,0,H,11,10,5,2,14,14,3,1,1,1,0,0
4258,Sunderland,Leicester,0,0,D,0,0,D,11,8,5,2,12,8,6,2,3,1,0,0
4259,Arsenal,Aston Villa,1,0,H,0,0,D,16,8,10,3,12,20,7,4,1,4,0,1
4260,Coventry,Tottenham,2,1,H,2,0,H,0,4,5,5,12,16,3,5,0,4,1,0
4261,Everton,Southampton,1,1,D,0,0,D,7,7,3,4,16,13,9,8,1,3,0,0
4262,Ipswich,West Ham,1,1,D,1,0,H,11,7,8,2,10,11,8,5,0,4,0,0
4263,Leeds,Charlton,3,1,H,1,0,H,22,10,10,8,7,9,8,5,0,1,0,0
4264,Leicester,Man United,0,3,A,0,1,A,10,16,4,5,8,11,6,7,0,0,0,0
4265,Man City,Bradford,2,0,H,2,0,H,13,10,10,2,10,16,5,6,0,2,0,0
4266,Sunderland,Chelsea,1,0,H,0,0,D,16,11,11,2,12,18,5,0,0,1,1,1
4267,Derby,Liverpool,0,4,A,0,1,A,6,16,0,11,18,13,4,3,1,1,0,0
4268,Middlesbrough,Newcastle,1,3,A,0,1,A,8,15,2,8,8,13,6,6,2,1,0,0
4269,Bradford,Ipswich,0,2,A,0,1,A,7,12,3,3,15,14,9,1,1,0,0,0
4270,Charlton,Middlesbrough,1,0,H,0,0,D,5,8,2,6,11,19,5,6,2,2,0,0
4271,Chelsea,Coventry,6,1,H,2,0,H,33,3,19,3,6,8,10,0,0,1,0,1
4272,Liverpool,Leicester,1,0,H,0,0,D,24,8,11,3,8,10,10,9,1,2,0,0
4273,Man United,Leeds,3,0,H,1,0,H,26,5,14,0,9,18,12,4,0,2,0,0
4274,Newcastle,Everton,0,1,A,0,0,D,11,9,4,4,9,12,5,4,1,3,0,0
4275,Tottenham,Derby,3,1,H,2,1,H,18,8,8,7,9,16,7,4,1,2,0,0
4276,West Ham,Arsenal,1,2,A,0,2,A,11,13,3,5,15,11,5,4,1,0,0,0
4277,Aston Villa,Sunderland,0,0,D,0,0,D,17,7,4,3,11,17,7,3,1,3,0,0
4278,Southampton,Man City,0,2,A,0,1,A,19,11,6,4,10,15,9,3,1,2,0,0
4279,Arsenal,Man City,5,0,H,1,0,H,22,6,14,2,6,13,10,4,0,3,0,1
4280,Aston Villa,Charlton,2,1,H,2,0,H,12,7,7,4,13,11,9,6,3,2,0,0
4281,Chelsea,Tottenham,3,0,H,2,0,H,9,6,7,3,12,14,2,3,3,3,0,0
4282,Ipswich,Middlesbrough,2,1,H,2,0,H,19,7,11,3,8,17,6,1,0,2,0,0
4283,Leicester,Derby,2,1,H,1,1,D,9,7,5,2,9,18,7,3,0,3,0,0
4284,Man United,Southampton,5,0,H,2,0,H,16,12,8,5,5,9,7,7,0,0,0,0
4285,Sunderland,Coventry,1,0,H,0,0,D,11,10,7,4,17,10,1,3,2,2,0,0
4286,West Ham,Newcastle,1,0,H,0,0,D,11,12,4,5,15,10,3,8,3,2,0,0
4287,Bradford,Leeds,1,1,D,1,0,H,11,12,6,9,15,15,5,9,3,4,0,0
4288,Liverpool,Everton,3,1,H,1,1,D,10,9,8,7,10,10,9,6,0,1,0,1
4289,Charlton,Bradford,2,0,H,2,0,H,11,12,7,8,10,20,3,6,0,1,0,1
4290,Coventry,Man United,1,2,A,0,2,A,4,11,2,6,17,8,3,9,1,1,0,0
4291,Leeds,Liverpool,4,3,H,1,2,A,10,14,7,8,18,18,7,7,1,4,0,0
4292,Man City,Leicester,0,1,A,0,0,D,14,3,3,2,12,14,9,4,1,2,0,0
4293,Middlesbrough,Arsenal,0,1,A,0,1,A,4,11,3,8,10,11,5,8,1,1,1,0
4294,Newcastle,Ipswich,2,1,H,1,1,D,11,8,6,5,13,7,7,4,1,0,0,0
4295,Southampton,Chelsea,3,2,H,2,0,H,10,9,4,4,16,11,7,7,4,2,0,0
4296,Tottenham,Sunderland,2,1,H,1,0,H,11,12,6,3,18,9,8,7,1,0,1,0
4297,Everton,Aston Villa,0,1,A,0,0,D,14,4,6,1,17,23,6,2,3,2,0,0
4298,Derby,West Ham,0,0,D,0,0,D,14,6,2,6,14,18,6,1,1,1,0,0
4299,Arsenal,Derby,0,0,D,0,0,D,15,9,9,2,12,13,10,0,0,2,0,0
4300,Aston Villa,Tottenham,2,0,H,1,0,H,11,3,6,2,15,13,10,1,0,3,0,0
4301,Bradford,Everton,0,1,A,0,0,D,11,9,6,4,8,18,3,3,1,2,0,0
4302,Ipswich,Charlton,2,0,H,0,0,D,30,7,13,4,8,12,13,3,0,2,0,0
4303,Leicester,Newcastle,1,1,D,0,0,D,8,7,4,1,7,8,0,3,1,1,0,0
4304,Man United,Middlesbrough,2,1,H,0,1,A,18,5,11,1,5,10,10,0,0,0,0,0
4305,Sunderland,Southampton,2,2,D,1,1,D,11,10,5,5,13,21,7,4,1,1,0,0
4306,West Ham,Man City,4,1,H,0,1,A,22,10,11,5,7,7,7,5,1,1,0,0
4307,Chelsea,Leeds,1,1,D,0,0,D,12,11,7,3,19,24,3,2,4,4,0,0
4308,Liverpool,Coventry,4,1,H,1,0,H,19,10,13,5,10,12,7,1,1,0,0,0
4309,Charlton,Chelsea,2,0,H,1,0,H,10,13,6,3,18,22,4,5,2,3,0,0
4310,Derby,Bradford,2,0,H,0,0,D,7,7,3,4,10,18,2,4,3,1,0,0
4311,Everton,Arsenal,2,0,H,0,0,D,4,4,2,2,20,12,3,5,3,1,0,0
4312,Leeds,West Ham,0,1,A,0,1,A,15,4,6,3,14,19,2,2,1,1,0,0
4313,Man City,Man United,0,1,A,0,1,A,10,8,4,4,13,8,10,11,3,1,0,0
4314,Middlesbrough,Leicester,0,3,A,0,2,A,11,9,4,7,8,12,6,2,3,1,0,0
4315,Newcastle,Sunderland,1,2,A,1,0,H,19,9,9,6,17,26,1,4,1,3,0,0
4316,Southampton,Aston Villa,2,0,H,2,0,H,7,9,3,3,10,10,3,3,0,0,0,0
4317,Tottenham,Liverpool,2,1,H,2,1,H,6,9,4,4,11,13,6,5,1,2,0,0
4318,Coventry,Ipswich,0,1,A,0,0,D,12,10,5,4,10,12,5,5,1,1,0,0
4319,Charlton,Sunderland,0,1,A,0,0,D,10,8,2,3,16,16,7,8,0,1,0,0
4320,Coventry,Aston Villa,1,1,D,0,1,A,10,7,2,4,9,19,6,1,1,2,0,0
4321,Derby,Man United,0,3,A,0,0,D,1,12,0,7,12,12,3,9,2,1,0,0
4322,Everton,Chelsea,2,1,H,0,1,A,11,10,5,6,11,18,1,4,0,3,0,1
4323,Man City,Ipswich,2,3,A,0,2,A,9,11,4,4,8,5,6,5,0,2,0,0
4324,Middlesbrough,Bradford,2,2,D,0,2,A,14,9,9,5,17,18,6,4,0,2,1,0
4325,Southampton,West Ham,2,3,A,1,2,A,10,14,5,8,12,10,6,10,1,2,0,0
4326,Tottenham,Leicester,3,0,H,2,0,H,15,11,7,5,21,15,5,8,1,3,0,1
4327,Leeds,Arsenal,1,0,H,0,0,D,12,9,6,3,19,22,8,4,1,7,0,0
4328,Newcastle,Liverpool,2,1,H,1,0,H,9,13,6,9,17,15,5,11,3,2,0,0
4329,Arsenal,Southampton,1,0,H,0,0,D,24,7,12,5,14,15,16,8,0,2,0,0
4330,Aston Villa,Newcastle,1,1,D,1,0,H,8,9,4,5,11,12,8,2,2,1,0,0
4331,Bradford,Coventry,2,1,H,0,0,D,10,13,6,7,11,12,9,8,3,2,0,0
4332,Ipswich,Derby,0,1,A,0,1,A,11,3,5,3,13,13,6,1,1,1,0,0
4333,Leicester,Leeds,3,1,H,3,0,H,8,12,5,4,10,7,0,6,1,2,0,1
4334,Liverpool,Charlton,3,0,H,1,0,H,13,7,3,2,10,9,6,5,1,1,0,0
4335,Man United,Tottenham,2,0,H,1,0,H,16,5,8,3,7,8,7,5,2,1,0,0
4336,West Ham,Middlesbrough,1,0,H,1,0,H,14,5,6,3,17,19,7,5,1,4,0,1
4337,Chelsea,Man City,2,1,H,2,0,H,9,11,7,5,9,12,7,10,2,0,0,0
4338,Sunderland,Everton,2,0,H,1,0,H,24,7,11,2,16,23,8,4,0,3,0,0
4339,Arsenal,Newcastle,5,0,H,2,0,H,15,3,10,1,10,11,5,2,0,3,0,0
4340,Bradford,Tottenham,3,3,D,1,2,A,13,6,6,4,6,16,7,2,2,0,0,0
4341,Charlton,Man United,3,3,D,1,2,A,15,15,8,8,6,10,9,6,0,1,0,0
4342,Chelsea,Derby,4,1,H,3,0,H,19,5,10,3,8,14,3,6,0,0,0,0
4343,Man City,Everton,5,0,H,3,0,H,13,14,9,4,12,12,5,13,0,1,0,0
4344,Southampton,Leeds,1,0,H,1,0,H,12,13,3,5,13,15,2,10,3,4,1,0
4345,Sunderland,Middlesbrough,1,0,H,0,0,D,8,8,5,5,22,21,5,3,1,3,0,0
4346,West Ham,Aston Villa,1,1,D,1,1,D,13,15,5,4,14,15,4,4,1,3,0,0
4347,Coventry,Leicester,1,0,H,1,0,H,12,6,5,1,11,15,8,10,0,1,0,0
4348,Liverpool,Ipswich,0,1,A,0,1,A,14,11,5,6,12,14,8,5,1,3,0,0
4349,Aston Villa,Man City,2,2,D,0,0,D,10,9,5,4,8,16,5,4,2,1,1,0
4350,Derby,Coventry,1,0,H,1,0,H,4,14,3,5,17,10,3,5,1,3,0,0
4351,Everton,West Ham,1,1,D,0,0,D,15,9,5,4,10,7,9,7,1,2,0,0
4352,Ipswich,Southampton,3,1,H,0,1,A,15,13,7,4,11,12,6,1,1,2,0,0
4353,Leeds,Sunderland,2,0,H,1,0,H,17,17,8,6,16,20,8,5,3,4,0,0
4354,Leicester,Charlton,3,1,H,1,1,D,9,12,5,8,11,16,5,5,1,2,0,0
4355,Middlesbrough,Chelsea,1,0,H,0,0,D,7,9,4,3,14,16,3,5,0,2,0,0
4356,Newcastle,Bradford,2,1,H,1,0,H,17,7,6,3,16,17,4,3,0,2,0,0
4357,Man United,Liverpool,0,1,A,0,1,A,6,9,4,4,10,11,9,2,1,0,1,0
4358,Tottenham,Arsenal,1,1,D,1,0,H,8,17,4,10,20,14,3,7,2,1,0,0
4359,Coventry,Southampton,1,1,D,1,0,H,12,10,5,2,12,13,8,6,1,1,0,0
4360,Charlton,Everton,1,0,H,1,0,H,10,10,7,4,15,21,13,6,1,4,0,0
4361,Chelsea,Bradford,3,0,H,1,0,H,17,7,8,1,8,12,5,4,0,1,0,0
4362,Derby,Newcastle,2,0,H,1,0,H,8,8,5,4,17,16,2,3,1,2,0,0
4363,Leeds,Aston Villa,1,2,A,0,1,A,15,8,5,5,18,18,10,2,1,4,0,0
4364,Leicester,West Ham,2,1,H,1,1,D,11,11,6,4,7,5,6,5,1,0,0,0
4365,Liverpool,Arsenal,4,0,H,1,0,H,12,12,6,6,18,14,6,3,2,0,0,0
4366,Man United,Ipswich,2,0,H,2,0,H,20,5,4,3,7,8,11,3,0,1,0,0
4367,Sunderland,Man City,1,0,H,1,0,H,9,9,5,3,14,18,8,6,2,2,0,0
4368,Tottenham,Middlesbrough,0,0,D,0,0,D,16,5,8,0,22,13,8,4,2,3,0,0
4369,Arsenal,Leicester,6,1,H,1,0,H,27,2,15,2,14,11,14,0,0,0,0,0
4370,Aston Villa,Man United,0,1,A,0,0,D,6,14,3,3,15,16,2,4,1,2,0,0
4371,Bradford,Sunderland,1,4,A,0,1,A,11,16,3,11,17,17,9,8,2,0,0,0
4372,Everton,Coventry,1,2,A,0,0,D,17,10,9,5,14,16,5,2,2,1,0,0
4373,Ipswich,Chelsea,2,2,D,1,2,A,19,7,13,4,5,9,8,2,0,4,0,0
4374,Man City,Derby,0,0,D,0,0,D,15,14,7,3,15,14,7,7,2,2,0,0
4375,Middlesbrough,Liverpool,1,0,H,1,0,H,7,11,2,5,7,9,2,6,2,2,0,0
4376,Newcastle,Leeds,2,1,H,2,1,H,13,8,4,5,23,17,7,2,4,2,0,0
4377,West Ham,Charlton,5,0,H,3,0,H,17,12,10,8,19,11,5,8,1,0,0,0
4378,Southampton,Tottenham,2,0,H,2,0,H,17,7,6,2,17,13,4,4,1,3,0,0
4379,Arsenal,Sunderland,2,2,D,2,0,H,17,14,9,7,14,18,11,1,0,3,0,0
4380,Ipswich,Tottenham,3,0,H,1,0,H,18,6,9,3,13,17,10,5,0,0,0,0
4381,Man City,Charlton,1,4,A,0,2,A,8,13,1,8,11,14,7,4,1,2,0,0
4382,Middlesbrough,Coventry,1,1,D,0,1,A,14,9,6,3,9,16,4,3,1,3,0,0
4383,Newcastle,Man United,1,1,D,0,1,A,14,8,4,6,13,10,6,3,2,3,0,0
4384,Southampton,Derby,1,0,H,0,0,D,10,9,5,5,17,10,7,6,0,2,0,0
4385,Charlton,Arsenal,1,0,H,1,0,H,9,10,4,5,15,12,6,12,1,1,0,0
4386,Chelsea,Aston Villa,1,0,H,1,0,H,13,7,5,3,15,19,2,5,0,1,0,0
4387,Coventry,Man City,1,1,D,0,0,D,19,10,9,5,16,15,12,8,1,2,0,0
4388,Derby,Everton,1,0,H,1,0,H,7,9,3,6,9,18,5,11,2,3,0,0
4389,Leeds,Middlesbrough,1,1,D,0,1,A,16,5,5,3,14,15,5,1,2,3,0,0
4390,Leicester,Bradford,1,2,A,1,2,A,9,8,3,4,11,14,5,3,0,3,0,0
4391,Liverpool,Southampton,2,1,H,1,1,D,16,7,8,3,8,5,15,2,0,1,0,0
4392,Man United,West Ham,3,1,H,2,0,H,25,9,12,5,17,13,8,2,1,2,0,0
4393,Sunderland,Ipswich,4,1,H,1,1,D,16,9,9,3,15,10,4,3,1,5,0,0
4394,Tottenham,Newcastle,4,2,H,3,1,H,16,9,10,4,11,10,9,6,0,2,1,2
4395,Arsenal,Chelsea,1,1,D,1,0,H,15,12,8,8,13,15,10,3,1,4,0,0
4396,Aston Villa,Liverpool,0,3,A,0,2,A,5,12,1,6,7,10,1,4,2,0,0,0
4397,Bradford,Man United,0,3,A,0,0,D,9,20,3,11,11,11,1,9,1,0,0,0
4398,Everton,Tottenham,0,0,D,0,0,D,17,4,8,1,11,15,9,0,1,0,0,0
4399,Man City,Leeds,0,4,A,0,1,A,5,10,3,6,23,17,4,5,5,3,0,0
4400,Middlesbrough,Derby,4,0,H,1,0,H,13,6,8,3,8,14,4,5,0,4,0,0
4401,Newcastle,Coventry,3,1,H,1,0,H,11,12,6,5,6,9,2,7,0,3,0,0
4402,Southampton,Charlton,0,0,D,0,0,D,17,10,6,4,8,12,9,3,0,0,0,0
4403,West Ham,Sunderland,0,2,A,0,1,A,13,7,6,5,20,21,9,6,4,2,0,0
4404,Ipswich,Leicester,2,0,H,0,0,D,22,6,9,3,14,10,8,1,1,1,0,0
4405,Chelsea,Ipswich,4,1,H,1,1,D,23,5,10,2,11,12,11,1,3,0,0,1
4406,Coventry,Everton,1,3,A,0,3,A,9,8,5,4,9,22,15,3,0,1,0,0
4407,Derby,Man City,1,1,D,0,0,D,9,10,3,4,17,22,5,4,2,2,0,0
4408,Leeds,Newcastle,1,3,A,1,2,A,12,11,5,7,12,18,16,1,2,1,0,0
4409,Leicester,Arsenal,0,0,D,0,0,D,3,13,0,4,6,8,1,9,2,2,1,0
4410,Liverpool,Middlesbrough,0,0,D,0,0,D,22,4,7,2,9,10,7,3,1,1,0,0
4411,Man United,Aston Villa,2,0,H,0,0,D,12,5,7,3,10,19,7,3,1,2,0,0
4412,Tottenham,Southampton,0,0,D,0,0,D,9,9,4,6,10,15,6,0,0,1,0,0
4413,Sunderland,Bradford,0,0,D,0,0,D,14,7,6,3,10,13,8,7,0,1,0,0
4414,Charlton,West Ham,1,1,D,1,0,H,9,18,3,3,11,8,0,5,0,1,0,0
4415,Aston Villa,Leeds,1,2,A,1,1,D,12,7,4,3,11,10,5,3,2,0,0,0
4416,Arsenal,Bradford,2,0,H,2,0,H,20,6,8,2,12,14,6,3,1,2,0,0
4417,Charlton,Derby,2,1,H,1,1,D,13,6,9,3,13,14,9,3,2,1,0,0
4418,Chelsea,Newcastle,3,1,H,1,1,D,14,4,4,2,12,19,7,2,1,3,0,0
4419,Everton,Middlesbrough,2,2,D,0,1,A,17,6,8,3,17,12,9,1,1,5,0,0
4420,Leeds,Coventry,1,0,H,0,0,D,11,3,6,1,18,19,9,2,4,5,0,0
4421,Man City,Liverpool,1,1,D,0,1,A,4,16,2,3,17,13,5,11,1,1,0,0
4422,Southampton,Leicester,1,0,H,0,0,D,10,6,5,3,14,12,3,3,0,3,0,0
4423,Sunderland,Man United,0,1,A,0,0,D,9,13,2,7,15,13,3,2,2,0,2,1
4424,West Ham,Tottenham,0,0,D,0,0,D,17,14,6,6,9,16,9,4,1,1,0,0
4425,Bradford,Aston Villa,0,3,A,0,0,D,9,13,2,6,14,14,3,4,2,0,0,0
4426,Coventry,Arsenal,0,1,A,0,0,D,12,8,4,6,13,14,3,7,3,4,0,0
4427,Derby,Sunderland,1,0,H,1,0,H,9,17,3,5,16,18,3,4,7,3,0,0
4428,Ipswich,Leeds,1,2,A,0,2,A,11,10,6,3,10,15,3,4,1,2,1,0
4429,Leicester,Chelsea,2,1,H,1,0,H,10,8,5,4,7,13,2,7,0,1,0,0
4430,Liverpool,West Ham,3,0,H,2,0,H,14,8,10,3,9,6,5,3,0,1,0,1
4431,Man United,Everton,1,0,H,0,0,D,8,5,1,1,8,11,2,5,0,2,0,0
4432,Middlesbrough,Man City,1,1,D,0,1,A,14,6,6,3,12,14,4,2,0,2,1,0
4433,Tottenham,Charlton,0,0,D,0,0,D,9,7,3,2,17,14,2,3,2,0,0,0
4434,Everton,Leeds,2,2,D,1,0,H,7,9,4,5,18,18,4,7,2,1,0,0
4435,Arsenal,Ipswich,1,0,H,0,0,D,17,5,10,3,16,15,11,3,2,1,0,0
4436,Aston Villa,Middlesbrough,1,1,D,1,0,H,15,6,4,3,11,11,7,4,1,1,0,0
4437,Chelsea,Man United,1,1,D,1,0,H,8,16,4,6,16,12,3,8,0,2,0,0
4438,Everton,Leicester,2,1,H,2,0,H,9,9,6,2,12,7,7,2,3,2,0,0
4439,Leeds,Derby,0,0,D,0,0,D,12,3,6,2,11,17,17,4,2,5,0,0
4440,Man City,Tottenham,0,1,A,0,0,D,11,11,4,4,17,10,7,3,1,0,0,0
4441,Southampton,Bradford,2,0,H,0,0,D,12,4,6,1,9,16,8,0,0,1,0,0
4442,Sunderland,Liverpool,1,1,D,0,0,D,9,8,6,4,15,25,9,6,5,3,0,0
4443,Charlton,Newcastle,2,0,H,2,0,H,11,5,4,3,10,12,4,11,2,1,0,0
4444,West Ham,Coventry,1,1,D,0,0,D,21,13,9,4,13,16,5,4,2,5,0,0
4445,Bradford,West Ham,1,2,A,0,1,A,15,11,5,5,9,10,7,1,1,2,0,0
4446,Coventry,Charlton,2,2,D,1,1,D,17,15,7,7,15,11,3,7,0,0,0,0
4447,Derby,Aston Villa,1,0,H,1,0,H,9,19,5,7,9,10,1,9,1,1,0,0
4448,Ipswich,Everton,2,0,H,0,0,D,12,8,6,2,11,14,3,2,1,2,0,1
4449,Leicester,Sunderland,2,0,H,1,0,H,11,9,7,3,13,16,6,5,0,4,0,1
4450,Middlesbrough,Southampton,0,1,A,0,0,D,11,10,6,5,9,9,3,6,1,0,0,0
4451,Newcastle,Man City,0,1,A,0,0,D,10,11,3,3,18,11,5,5,1,0,0,0
4452,Tottenham,Leeds,1,2,A,1,1,D,13,15,4,9,16,14,5,12,2,1,0,0
4453,Man United,Arsenal,6,1,H,5,1,H,16,6,9,2,10,6,3,3,0,0,0,0
4454,Arsenal,West Ham,3,0,H,3,0,H,16,4,6,2,19,12,5,6,2,3,0,0
4455,Coventry,Chelsea,0,0,D,0,0,D,17,24,10,11,13,15,5,8,2,2,0,0
4456,Derby,Tottenham,2,1,H,2,0,H,8,13,4,7,20,12,6,7,2,3,0,0
4457,Everton,Newcastle,1,1,D,0,0,D,16,4,6,2,13,12,4,1,1,2,0,0
4458,Leeds,Man United,1,1,D,0,0,D,18,5,10,5,25,21,14,3,3,5,0,0
4459,Leicester,Liverpool,2,0,H,0,0,D,9,8,7,3,9,7,4,7,1,1,0,0
4460,Man City,Southampton,0,1,A,0,0,D,15,6,7,1,15,15,5,6,1,1,0,0
4461,Middlesbrough,Charlton,0,0,D,0,0,D,8,11,2,8,13,12,4,5,1,1,0,0
4462,Ipswich,Bradford,3,1,H,0,1,A,21,7,8,5,13,14,7,2,0,4,0,0
4463,Sunderland,Aston Villa,1,1,D,0,0,D,18,6,12,2,17,18,5,3,1,2,0,0
4464,West Ham,Chelsea,0,2,A,0,2,A,7,17,2,6,12,9,1,0,2,2,0,0
4465,Aston Villa,Ipswich,2,1,H,0,1,A,9,8,5,3,15,11,6,2,1,1,0,0
4466,Bradford,Man City,2,2,D,0,1,A,16,10,7,3,13,12,3,3,2,1,0,0
4467,Charlton,Leeds,1,2,A,1,1,D,7,7,3,5,19,13,2,5,3,5,0,0
4468,Chelsea,Sunderland,2,4,A,2,1,H,14,11,6,7,15,26,4,5,0,0,0,0
4469,Man United,Leicester,2,0,H,0,0,D,19,5,8,2,11,13,14,2,1,1,0,0
4470,Newcastle,Middlesbrough,1,2,A,0,2,A,16,7,5,4,14,19,5,1,0,3,0,1
4471,Southampton,Everton,1,0,H,0,0,D,17,5,5,1,13,18,6,6,1,1,0,0
4472,Tottenham,Coventry,3,0,H,2,0,H,12,11,4,5,13,10,5,8,0,1,0,0
4473,West Ham,Ipswich,0,1,A,0,0,D,5,13,2,5,14,8,4,5,0,0,0,0
4474,Aston Villa,Arsenal,0,0,D,0,0,D,4,14,2,5,16,13,3,3,2,2,0,1
4475,Liverpool,Derby,1,1,D,0,1,A,18,7,8,4,11,9,9,3,2,2,0,0
4476,Arsenal,Tottenham,2,0,H,0,0,D,25,4,19,3,5,6,12,2,0,1,0,0
4477,Bradford,Newcastle,2,2,D,2,1,H,22,14,8,7,17,23,10,8,0,1,0,0
4478,Chelsea,Middlesbrough,2,1,H,1,0,H,17,7,5,3,19,10,4,3,2,1,0,0
4479,Coventry,Derby,2,0,H,1,0,H,12,14,7,8,12,16,9,4,0,1,1,0
4480,Liverpool,Man United,2,0,H,2,0,H,15,9,6,3,8,8,6,4,1,1,1,0
4481,Man City,Aston Villa,1,3,A,1,2,A,12,8,6,7,18,13,9,2,6,4,1,0
4482,Sunderland,Leeds,0,2,A,0,1,A,14,7,8,4,17,10,8,4,2,2,0,1
4483,West Ham,Everton,0,2,A,0,1,A,17,10,6,7,16,16,8,2,3,2,1,0
4484,Charlton,Leicester,2,0,H,1,0,H,16,5,9,1,12,9,6,2,2,2,0,0
4485,Southampton,Ipswich,0,3,A,0,1,A,11,11,3,5,17,15,6,7,2,1,0,0
4486,Aston Villa,Leicester,2,1,H,1,1,D,9,6,5,2,11,12,10,3,2,2,0,0
4487,Aston Villa,West Ham,2,2,D,0,0,D,6,7,4,5,5,3,5,3,1,3,0,0
4488,Derby,Chelsea,0,4,A,0,0,D,3,10,2,7,13,7,1,9,1,1,0,0
4489,Leeds,Southampton,2,0,H,1,0,H,15,6,7,2,10,11,10,1,0,0,0,0
4490,Leicester,Coventry,1,3,A,1,2,A,9,15,4,5,9,19,4,9,3,2,0,0
4491,Everton,Man City,3,1,H,2,1,H,11,13,7,5,17,18,8,8,0,3,1,1
4492,Middlesbrough,Sunderland,0,0,D,0,0,D,12,12,6,4,22,22,3,2,5,3,1,0
4493,Ipswich,Liverpool,1,1,D,0,0,D,8,7,5,2,10,15,6,1,0,0,0,0
4494,Man United,Charlton,2,1,H,1,0,H,23,3,8,2,8,9,12,4,1,1,0,0
4495,Tottenham,Bradford,2,1,H,1,1,D,17,10,13,5,13,9,5,7,1,1,0,0
4496,Man City,Arsenal,0,4,A,0,4,A,7,15,2,8,10,8,7,3,2,0,0,0
4497,Bradford,Charlton,2,0,H,0,0,D,4,3,8,8,13,21,3,7,1,3,0,0
4498,Liverpool,Leeds,1,2,A,0,2,A,11,9,5,3,19,16,8,2,3,1,1,0
4499,Arsenal,Middlesbrough,0,3,A,0,2,A,17,6,8,2,13,11,9,0,1,1,0,0
4500,Aston Villa,Everton,2,1,H,1,1,D,8,5,5,3,13,14,5,3,0,3,0,0
4501,Chelsea,Southampton,1,0,H,1,0,H,14,9,8,5,11,19,7,6,3,3,0,0
4502,Ipswich,Newcastle,1,0,H,0,0,D,14,6,5,2,6,13,9,3,0,1,0,1
4503,Leicester,Man City,1,2,A,1,1,D,15,8,9,3,13,26,5,1,2,3,0,0
4504,Man United,Coventry,4,2,H,2,2,D,28,9,13,4,9,18,9,2,1,4,0,0
4505,Sunderland,Tottenham,2,3,A,2,0,H,13,8,4,6,12,15,3,3,1,2,0,0
4506,West Ham,Derby,3,1,H,3,0,H,18,6,10,3,10,18,3,5,0,2,0,0
4507,Coventry,Sunderland,1,0,H,1,0,H,14,6,9,3,15,21,6,3,3,0,0,0
4508,Derby,Leicester,2,0,H,1,0,H,10,7,6,4,17,16,5,6,0,0,0,0
4509,Everton,Liverpool,2,3,A,1,1,D,10,10,7,6,19,15,2,5,4,2,1,0
4510,Middlesbrough,Ipswich,1,2,A,1,0,H,4,12,1,5,8,8,5,4,0,0,0,0
4511,Newcastle,West Ham,2,1,H,1,0,H,20,13,14,6,19,9,7,5,0,0,0,0
4512,Charlton,Aston Villa,3,3,D,2,0,H,12,11,5,8,10,15,5,7,3,4,1,0
4513,Tottenham,Chelsea,0,3,A,0,1,A,5,16,1,10,14,11,2,5,2,2,1,0
4514,Arsenal,Everton,4,1,H,1,1,D,10,4,8,2,7,13,10,0,0,2,0,1
4515,Aston Villa,Southampton,0,0,D,0,0,D,9,3,2,3,10,15,4,5,1,2,0,0
4516,Bradford,Derby,2,0,H,1,0,H,15,12,9,3,14,13,3,8,0,2,0,1
4517,Chelsea,Charlton,0,1,A,0,1,A,9,4,1,2,12,14,10,3,3,0,0,0
4518,Ipswich,Coventry,2,0,H,1,0,H,13,6,5,2,22,23,2,3,1,4,0,0
4519,Leicester,Middlesbrough,0,3,A,0,1,A,15,15,4,7,13,11,12,5,3,1,0,0
4520,Man United,Man City,1,1,D,0,0,D,13,6,6,4,14,20,3,2,0,0,1,0
4521,Sunderland,Newcastle,1,1,D,0,0,D,16,9,10,5,17,22,4,8,5,4,0,0
4522,West Ham,Leeds,0,2,A,0,1,A,15,12,10,7,17,13,6,6,5,2,0,1
4523,Liverpool,Tottenham,3,1,H,1,1,D,14,7,8,5,10,13,6,4,1,1,0,0
4524,Coventry,Liverpool,0,2,A,0,0,D,11,13,4,6,15,11,7,7,3,1,0,0
4525,Derby,Arsenal,1,2,A,1,1,D,6,14,2,9,14,13,4,6,3,4,0,0
4526,Everton,Bradford,2,1,H,0,1,A,18,7,9,4,15,15,5,2,1,2,0,0
4527,Leeds,Chelsea,2,0,H,0,0,D,16,7,9,5,22,17,7,2,2,5,0,0
4528,Man City,West Ham,1,0,H,1,0,H,16,12,9,7,19,12,10,10,3,5,0,0
4529,Middlesbrough,Man United,0,2,A,0,1,A,18,9,3,5,13,21,4,6,2,3,0,0
4530,Newcastle,Leicester,1,0,H,0,0,D,20,4,6,3,15,14,12,0,1,1,0,0
4531,Southampton,Sunderland,0,1,A,0,0,D,11,6,5,3,15,14,11,2,2,1,0,0
4532,Tottenham,Aston Villa,0,0,D,0,0,D,7,7,3,4,13,13,5,6,1,0,0,0
4533,Charlton,Ipswich,2,1,H,1,1,D,10,17,7,6,17,11,2,13,0,1,0,0
4534,Bradford,Liverpool,0,2,A,0,0,D,15,11,4,10,11,13,7,0,0,2,0,0
4535,Newcastle,Southampton,1,1,D,1,0,H,7,11,5,3,15,17,4,2,2,1,0,0
4536,Arsenal,Leeds,2,1,H,1,0,H,7,4,4,3,21,18,11,2,4,3,0,0
4537,Aston Villa,Coventry,3,2,H,0,2,A,6,6,4,3,12,23,6,2,2,5,0,0
4538,Bradford,Middlesbrough,1,1,D,1,0,H,10,14,7,9,25,21,6,6,4,2,0,0
4539,Chelsea,Everton,2,1,H,2,1,H,13,9,5,3,19,22,8,6,1,1,0,0
4540,Leicester,Tottenham,4,2,H,1,0,H,19,9,9,4,11,14,6,2,3,2,0,0
4541,Liverpool,Newcastle,3,0,H,1,0,H,12,6,5,3,11,10,2,3,0,2,0,0
4542,Man United,Derby,0,1,A,0,1,A,11,10,6,5,13,11,13,1,1,0,0,0
4543,Sunderland,Charlton,3,2,H,2,1,H,17,17,11,7,17,7,8,5,1,0,0,0
4544,West Ham,Southampton,3,0,H,0,0,D,16,12,12,3,18,18,5,1,2,2,0,0
4545,Ipswich,Man City,2,1,H,0,0,D,15,11,7,7,8,19,9,2,0,0,0,0
4546,Liverpool,Chelsea,2,2,D,1,1,D,16,14,8,7,14,21,6,6,1,4,0,0
4547,Leeds,Bradford,6,1,H,5,1,H,18,13,9,7,20,13,9,7,1,0,0,0
4548,Southampton,Man United,2,1,H,2,0,H,14,9,3,6,13,18,4,4,1,1,0,0
4549,Newcastle,Arsenal,0,0,D,0,0,D,12,8,2,1,14,10,4,8,1,0,0,0
4550,Charlton,Liverpool,0,4,A,0,0,D,12,16,10,14,7,13,10,10,1,1,0,0
4551,Coventry,Bradford,0,0,D,0,0,D,15,10,7,3,15,13,9,3,1,1,0,0
4552,Derby,Ipswich,1,1,D,1,0,H,7,13,2,6,14,15,3,11,1,1,0,0
4553,Everton,Sunderland,2,2,D,1,1,D,18,11,8,4,12,13,5,6,5,3,0,1
4554,Leeds,Leicester,3,1,H,1,1,D,24,8,11,5,14,17,12,5,3,4,0,0
4555,Man City,Chelsea,1,2,A,1,1,D,3,9,1,3,22,18,8,7,4,2,0,0
4556,Middlesbrough,West Ham,2,1,H,2,1,H,19,11,7,5,13,15,5,6,0,0,0,0
4557,Newcastle,Aston Villa,3,0,H,2,0,H,9,5,5,1,10,14,5,1,0,5,1,1
4558,Southampton,Arsenal,3,2,H,0,1,A,11,8,7,5,17,10,7,5,1,2,0,0
4559,Tottenham,Man United,3,1,H,1,1,D,9,15,3,6,13,15,3,6,0,2,0,0
4560,Charlton,Man City,4,0,H,2,0,H,17,8,14,4,13,12,6,6,1,2,0,0
4561,Chelsea,West Ham,4,2,H,1,0,H,17,12,10,5,19,14,7,7,1,2,0,0
4562,Coventry,Middlesbrough,1,3,A,1,1,D,6,16,3,9,15,21,8,4,5,3,1,0
4563,Derby,Southampton,2,2,D,1,2,A,6,13,4,6,11,13,5,8,1,1,0,0
4564,Leeds,Everton,2,0,H,2,0,H,17,12,8,6,21,20,6,4,1,3,0,0
4565,Leicester,Aston Villa,0,0,D,0,0,D,5,5,4,3,12,12,5,4,2,3,0,0
4566,Liverpool,Bradford,1,0,H,0,0,D,16,3,10,2,8,8,6,1,1,1,0,0
4567,Sunderland,Arsenal,1,0,H,0,0,D,8,14,2,7,10,21,2,9,3,1,0,1
4568,Tottenham,Ipswich,3,1,H,2,1,H,20,15,6,5,14,13,3,4,0,0,0,0
4569,Man United,Newcastle,2,0,H,1,0,H,19,9,9,6,7,13,7,1,0,1,0,0
4570,Arsenal,Liverpool,2,0,H,1,0,H,17,7,12,4,25,20,10,11,2,4,1,2
4571,Bradford,Chelsea,2,0,H,1,0,H,12,14,3,6,14,16,6,4,0,1,0,0
4572,Ipswich,Man United,1,1,D,1,1,D,13,15,8,6,10,7,4,6,1,4,0,0
4573,Middlesbrough,Tottenham,1,1,D,0,1,A,12,11,6,4,9,18,5,5,2,1,0,0
4574,Everton,Charlton,3,0,H,0,0,D,13,8,8,4,17,15,3,5,2,1,0,1
4575,Man City,Sunderland,4,2,H,2,0,H,15,9,10,4,24,14,7,3,3,3,0,0
4576,Newcastle,Derby,3,2,H,1,1,D,9,10,4,5,23,11,9,6,0,3,1,0
4577,Southampton,Coventry,1,2,A,0,1,A,12,7,4,5,18,20,6,5,5,3,0,0
4578,West Ham,Leicester,0,1,A,0,0,D,17,4,12,2,16,14,11,5,3,3,1,0
4579,Arsenal,Charlton,5,3,H,1,2,A,18,7,9,4,12,15,8,3,0,1,0,0
4580,Bradford,Leicester,0,0,D,0,0,D,8,13,4,8,11,12,6,8,1,2,0,0
4581,Everton,Derby,2,2,D,2,0,H,12,7,9,4,11,9,11,2,2,3,0,0
4582,Ipswich,Sunderland,1,0,H,0,0,D,14,9,5,3,10,12,7,6,1,1,0,0
4583,Man City,Coventry,1,2,A,0,2,A,14,9,5,8,7,12,5,5,2,3,0,0
4584,Middlesbrough,Leeds,1,2,A,0,2,A,15,16,8,11,12,20,4,8,2,0,0,0
4585,Newcastle,Tottenham,2,0,H,1,0,H,15,10,6,2,13,10,4,2,0,0,0,0
4586,Southampton,Liverpool,3,3,D,0,1,A,14,9,7,4,7,6,7,1,0,0,0,0
4587,West Ham,Man United,2,2,D,0,1,A,17,8,8,5,12,9,7,5,1,0,0,0
4588,Aston Villa,Chelsea,1,1,D,1,1,D,12,11,9,7,13,12,7,10,0,1,0,0
4589,Leeds,Man City,1,2,A,0,2,A,6,8,1,3,18,24,9,4,2,2,0,0
4590,Man United,Bradford,6,0,H,2,0,H,21,6,12,4,12,10,5,1,0,1,0,0
4591,Sunderland,West Ham,1,1,D,1,1,D,17,16,7,9,19,14,4,11,2,3,0,0
4592,Tottenham,Everton,3,2,H,1,2,A,11,11,7,6,11,10,7,5,1,2,0,0
4593,Charlton,Southampton,1,1,D,0,0,D,8,11,6,3,14,16,10,14,3,3,1,0
4594,Chelsea,Arsenal,2,2,D,1,0,H,12,13,5,5,16,22,7,6,3,1,0,0
4595,Coventry,Newcastle,0,2,A,0,1,A,13,13,3,6,11,18,6,8,1,1,0,0
4596,Derby,Middlesbrough,3,3,D,0,1,A,9,5,5,4,8,10,11,5,3,2,0,0
4597,Leicester,Ipswich,2,1,H,0,0,D,12,7,6,3,12,13,6,2,1,1,0,0
4598,Liverpool,Aston Villa,3,1,H,3,0,H,11,9,7,4,13,7,8,7,0,2,0,0
4599,Bradford,Arsenal,1,1,D,1,0,H,9,18,5,11,17,13,4,10,0,2,0,0
4600,Coventry,Leeds,0,0,D,0,0,D,9,11,1,5,15,14,6,6,2,2,0,0
4601,Ipswich,Aston Villa,1,2,A,0,1,A,15,5,5,2,9,13,5,3,1,3,0,0
4602,Leicester,Southampton,1,0,H,0,0,D,17,9,6,5,6,9,10,6,0,0,0,0
4603,Liverpool,Man City,3,2,H,1,0,H,14,9,8,7,17,17,9,4,3,4,0,0
4604,Man United,Sunderland,3,0,H,1,0,H,15,5,7,1,18,14,4,4,1,3,0,0
4605,Middlesbrough,Everton,1,2,A,1,0,H,9,12,5,9,16,5,7,7,3,0,0,0
4606,Newcastle,Chelsea,0,0,D,0,0,D,10,10,4,3,17,21,5,6,0,3,0,0
4607,Derby,Charlton,2,2,D,2,0,H,12,10,6,6,17,12,4,11,3,1,0,0
4608,Tottenham,West Ham,1,0,H,0,0,D,15,11,7,5,14,13,11,3,1,2,0,0
4609,Arsenal,Coventry,2,1,H,1,0,H,18,6,13,2,5,13,8,4,1,2,0,0
4610,Aston Villa,Bradford,2,0,H,1,0,H,12,8,7,4,8,12,5,6,0,2,0,0
4611,Charlton,Tottenham,1,0,H,1,0,H,9,10,5,5,8,10,7,5,0,0,0,0
4612,Everton,Man United,1,3,A,0,3,A,6,17,4,9,10,11,6,5,4,1,0,0
4613,Leeds,Ipswich,1,2,A,1,1,D,11,12,6,7,12,19,6,3,1,3,0,0
4614,Southampton,Newcastle,2,0,H,0,0,D,13,10,9,7,14,14,4,8,0,0,0,0
4615,Sunderland,Derby,2,1,H,1,0,H,15,10,8,5,16,28,4,5,2,3,0,0
4616,Chelsea,Leicester,0,2,A,0,1,A,16,7,10,5,16,17,15,3,3,1,0,0
4617,Man City,Middlesbrough,1,1,D,0,0,D,11,4,4,2,15,11,9,3,2,5,0,0
4618,West Ham,Liverpool,1,1,D,0,1,A,15,7,4,2,5,13,9,0,0,2,0,0
4619,Bradford,Southampton,0,1,A,0,1,A,14,6,6,4,14,18,7,5,3,1,0,0
4620,Coventry,West Ham,0,3,A,0,2,A,9,12,2,10,12,11,5,6,0,1,0,0
4621,Derby,Leeds,1,1,D,0,1,A,13,16,7,6,17,15,7,4,2,2,1,0
4622,Ipswich,Arsenal,1,1,D,0,0,D,17,10,6,4,8,13,4,7,1,2,0,0
4623,Liverpool,Sunderland,1,1,D,1,1,D,11,8,6,3,14,18,12,3,2,2,0,0
4624,Man United,Chelsea,3,3,D,3,2,H,11,13,5,5,15,19,8,4,3,2,0,0
4625,Middlesbrough,Aston Villa,1,1,D,0,0,D,12,15,5,7,7,14,5,5,3,0,0,0
4626,Newcastle,Charlton,0,1,A,0,1,A,12,4,5,2,14,10,4,7,1,2,0,0
4627,Tottenham,Man City,0,0,D,0,0,D,18,7,5,2,10,14,5,4,0,2,0,0
4628,Leicester,Everton,1,1,D,1,0,H,10,9,4,3,14,13,9,3,3,1,0,0
4629,Aston Villa,Derby,4,1,H,2,0,H,12,11,7,6,0,1,6,6,1,1,0,0
4630,Charlton,Coventry,2,2,D,0,1,A,12,10,8,6,8,16,6,6,1,2,0,0
4631,Everton,Ipswich,0,3,A,0,1,A,7,9,3,7,6,5,4,1,1,0,0,0
4632,Leeds,Tottenham,4,3,H,0,1,A,14,10,7,5,11,20,6,4,0,2,0,0
4633,Man City,Newcastle,0,1,A,0,0,D,9,15,7,9,16,12,10,8,0,1,0,0
4634,Southampton,Middlesbrough,1,3,A,0,2,A,16,7,8,5,6,22,6,6,2,2,0,0
4635,West Ham,Bradford,1,1,D,1,0,H,14,9,6,6,14,10,7,2,3,2,0,0
4636,Arsenal,Man United,1,0,H,1,0,H,7,13,5,4,18,17,3,11,2,3,0,0
4637,Chelsea,Liverpool,3,0,H,2,0,H,11,10,5,2,14,14,3,1,1,1,0,0
4638,Sunderland,Leicester,0,0,D,0,0,D,11,8,5,2,12,8,6,2,3,1,0,0
4639,Arsenal,Aston Villa,1,0,H,0,0,D,16,8,10,3,12,20,7,4,1,4,0,1
4640,Coventry,Tottenham,2,1,H,2,0,H,0,4,5,5,12,16,3,5,0,4,1,0
4641,Everton,Southampton,1,1,D,0,0,D,7,7,3,4,16,13,9,8,1,3,0,0
4642,Ipswich,West Ham,1,1,D,1,0,H,11,7,8,2,10,11,8,5,0,4,0,0
4643,Leeds,Charlton,3,1,H,1,0,H,22,10,10,8,7,9,8,5,0,1,0,0
4644,Leicester,Man United,0,3,A,0,1,A,10,16,4,5,8,11,6,7,0,0,0,0
4645,Man City,Bradford,2,0,H,2,0,H,13,10,10,2,10,16,5,6,0,2,0,0
4646,Sunderland,Chelsea,1,0,H,0,0,D,16,11,11,2,12,18,5,0,0,1,1,1
4647,Derby,Liverpool,0,4,A,0,1,A,6,16,0,11,18,13,4,3,1,1,0,0
4648,Middlesbrough,Newcastle,1,3,A,0,1,A,8,15,2,8,8,13,6,6,2,1,0,0
4649,Bradford,Ipswich,0,2,A,0,1,A,7,12,3,3,15,14,9,1,1,0,0,0
4650,Charlton,Middlesbrough,1,0,H,0,0,D,5,8,2,6,11,19,5,6,2,2,0,0
4651,Chelsea,Coventry,6,1,H,2,0,H,33,3,19,3,6,8,10,0,0,1,0,1
4652,Liverpool,Leicester,1,0,H,0,0,D,24,8,11,3,8,10,10,9,1,2,0,0
4653,Man United,Leeds,3,0,H,1,0,H,26,5,14,0,9,18,12,4,0,2,0,0
4654,Newcastle,Everton,0,1,A,0,0,D,11,9,4,4,9,12,5,4,1,3,0,0
4655,Tottenham,Derby,3,1,H,2,1,H,18,8,8,7,9,16,7,4,1,2,0,0
4656,West Ham,Arsenal,1,2,A,0,2,A,11,13,3,5,15,11,5,4,1,0,0,0
4657,Aston Villa,Sunderland,0,0,D,0,0,D,17,7,4,3,11,17,7,3,1,3,0,0
4658,Southampton,Man City,0,2,A,0,1,A,19,11,6,4,10,15,9,3,1,2,0,0
4659,Arsenal,Man City,5,0,H,1,0,H,22,6,14,2,6,13,10,4,0,3,0,1
4660,Aston Villa,Charlton,2,1,H,2,0,H,12,7,7,4,13,11,9,6,3,2,0,0
4661,Chelsea,Tottenham,3,0,H,2,0,H,9,6,7,3,12,14,2,3,3,3,0,0
4662,Ipswich,Middlesbrough,2,1,H,2,0,H,19,7,11,3,8,17,6,1,0,2,0,0
4663,Leicester,Derby,2,1,H,1,1,D,9,7,5,2,9,18,7,3,0,3,0,0
4664,Man United,Southampton,5,0,H,2,0,H,16,12,8,5,5,9,7,7,0,0,0,0
4665,Sunderland,Coventry,1,0,H,0,0,D,11,10,7,4,17,10,1,3,2,2,0,0
4666,West Ham,Newcastle,1,0,H,0,0,D,11,12,4,5,15,10,3,8,3,2,0,0
4667,Bradford,Leeds,1,1,D,1,0,H,11,12,6,9,15,15,5,9,3,4,0,0
4668,Liverpool,Everton,3,1,H,1,1,D,10,9,8,7,10,10,9,6,0,1,0,1
4669,Charlton,Bradford,2,0,H,2,0,H,11,12,7,8,10,20,3,6,0,1,0,1
4670,Coventry,Man United,1,2,A,0,2,A,4,11,2,6,17,8,3,9,1,1,0,0
4671,Leeds,Liverpool,4,3,H,1,2,A,10,14,7,8,18,18,7,7,1,4,0,0
4672,Man City,Leicester,0,1,A,0,0,D,14,3,3,2,12,14,9,4,1,2,0,0
4673,Middlesbrough,Arsenal,0,1,A,0,1,A,4,11,3,8,10,11,5,8,1,1,1,0
4674,Newcastle,Ipswich,2,1,H,1,1,D,11,8,6,5,13,7,7,4,1,0,0,0
4675,Southampton,Chelsea,3,2,H,2,0,H,10,9,4,4,16,11,7,7,4,2,0,0
4676,Tottenham,Sunderland,2,1,H,1,0,H,11,12,6,3,18,9,8,7,1,0,1,0
4677,Everton,Aston Villa,0,1,A,0,0,D,14,4,6,1,17,23,6,2,3,2,0,0
4678,Derby,West Ham,0,0,D,0,0,D,14,6,2,6,14,18,6,1,1,1,0,0
4679,Arsenal,Derby,0,0,D,0,0,D,15,9,9,2,12,13,10,0,0,2,0,0
4680,Aston Villa,Tottenham,2,0,H,1,0,H,11,3,6,2,15,13,10,1,0,3,0,0
4681,Bradford,Everton,0,1,A,0,0,D,11,9,6,4,8,18,3,3,1,2,0,0
4682,Ipswich,Charlton,2,0,H,0,0,D,30,7,13,4,8,12,13,3,0,2,0,0
4683,Leicester,Newcastle,1,1,D,0,0,D,8,7,4,1,7,8,0,3,1,1,0,0
4684,Man United,Middlesbrough,2,1,H,0,1,A,18,5,11,1,5,10,10,0,0,0,0,0
4685,Sunderland,Southampton,2,2,D,1,1,D,11,10,5,5,13,21,7,4,1,1,0,0
4686,West Ham,Man City,4,1,H,0,1,A,22,10,11,5,7,7,7,5,1,1,0,0
4687,Chelsea,Leeds,1,1,D,0,0,D,12,11,7,3,19,24,3,2,4,4,0,0
4688,Liverpool,Coventry,4,1,H,1,0,H,19,10,13,5,10,12,7,1,1,0,0,0
4689,Charlton,Chelsea,2,0,H,1,0,H,10,13,6,3,18,22,4,5,2,3,0,0
4690,Derby,Bradford,2,0,H,0,0,D,7,7,3,4,10,18,2,4,3,1,0,0
4691,Everton,Arsenal,2,0,H,0,0,D,4,4,2,2,20,12,3,5,3,1,0,0
4692,Leeds,West Ham,0,1,A,0,1,A,15,4,6,3,14,19,2,2,1,1,0,0
4693,Man City,Man United,0,1,A,0,1,A,10,8,4,4,13,8,10,11,3,1,0,0
4694,Middlesbrough,Leicester,0,3,A,0,2,A,11,9,4,7,8,12,6,2,3,1,0,0
4695,Newcastle,Sunderland,1,2,A,1,0,H,19,9,9,6,17,26,1,4,1,3,0,0
4696,Southampton,Aston Villa,2,0,H,2,0,H,7,9,3,3,10,10,3,3,0,0,0,0
4697,Tottenham,Liverpool,2,1,H,2,1,H,6,9,4,4,11,13,6,5,1,2,0,0
4698,Coventry,Ipswich,0,1,A,0,0,D,12,10,5,4,10,12,5,5,1,1,0,0
4699,Charlton,Sunderland,0,1,A,0,0,D,10,8,2,3,16,16,7,8,0,1,0,0
4700,Coventry,Aston Villa,1,1,D,0,1,A,10,7,2,4,9,19,6,1,1,2,0,0
4701,Derby,Man United,0,3,A,0,0,D,1,12,0,7,12,12,3,9,2,1,0,0
4702,Everton,Chelsea,2,1,H,0,1,A,11,10,5,6,11,18,1,4,0,3,0,1
4703,Man City,Ipswich,2,3,A,0,2,A,9,11,4,4,8,5,6,5,0,2,0,0
4704,Middlesbrough,Bradford,2,2,D,0,2,A,14,9,9,5,17,18,6,4,0,2,1,0
4705,Southampton,West Ham,2,3,A,1,2,A,10,14,5,8,12,10,6,10,1,2,0,0
4706,Tottenham,Leicester,3,0,H,2,0,H,15,11,7,5,21,15,5,8,1,3,0,1
4707,Leeds,Arsenal,1,0,H,0,0,D,12,9,6,3,19,22,8,4,1,7,0,0
4708,Newcastle,Liverpool,2,1,H,1,0,H,9,13,6,9,17,15,5,11,3,2,0,0
4709,Arsenal,Southampton,1,0,H,0,0,D,24,7,12,5,14,15,16,8,0,2,0,0
4710,Aston Villa,Newcastle,1,1,D,1,0,H,8,9,4,5,11,12,8,2,2,1,0,0
4711,Bradford,Coventry,2,1,H,0,0,D,10,13,6,7,11,12,9,8,3,2,0,0
4712,Ipswich,Derby,0,1,A,0,1,A,11,3,5,3,13,13,6,1,1,1,0,0
4713,Leicester,Leeds,3,1,H,3,0,H,8,12,5,4,10,7,0,6,1,2,0,1
4714,Liverpool,Charlton,3,0,H,1,0,H,13,7,3,2,10,9,6,5,1,1,0,0
4715,Man United,Tottenham,2,0,H,1,0,H,16,5,8,3,7,8,7,5,2,1,0,0
4716,West Ham,Middlesbrough,1,0,H,1,0,H,14,5,6,3,17,19,7,5,1,4,0,1
4717,Chelsea,Man City,2,1,H,2,0,H,9,11,7,5,9,12,7,10,2,0,0,0
4718,Sunderland,Everton,2,0,H,1,0,H,24,7,11,2,16,23,8,4,0,3,0,0
4719,Arsenal,Newcastle,5,0,H,2,0,H,15,3,10,1,10,11,5,2,0,3,0,0
4720,Bradford,Tottenham,3,3,D,1,2,A,13,6,6,4,6,16,7,2,2,0,0,0
4721,Charlton,Man United,3,3,D,1,2,A,15,15,8,8,6,10,9,6,0,1,0,0
4722,Chelsea,Derby,4,1,H,3,0,H,19,5,10,3,8,14,3,6,0,0,0,0
4723,Man City,Everton,5,0,H,3,0,H,13,14,9,4,12,12,5,13,0,1,0,0
4724,Southampton,Leeds,1,0,H,1,0,H,12,13,3,5,13,15,2,10,3,4,1,0
4725,Sunderland,Middlesbrough,1,0,H,0,0,D,8,8,5,5,22,21,5,3,1,3,0,0
4726,West Ham,Aston Villa,1,1,D,1,1,D,13,15,5,4,14,15,4,4,1,3,0,0
4727,Coventry,Leicester,1,0,H,1,0,H,12,6,5,1,11,15,8,10,0,1,0,0
4728,Liverpool,Ipswich,0,1,A,0,1,A,14,11,5,6,12,14,8,5,1,3,0,0
4729,Aston Villa,Man City,2,2,D,0,0,D,10,9,5,4,8,16,5,4,2,1,1,0
4730,Derby,Coventry,1,0,H,1,0,H,4,14,3,5,17,10,3,5,1,3,0,0
4731,Everton,West Ham,1,1,D,0,0,D,15,9,5,4,10,7,9,7,1,2,0,0
4732,Ipswich,Southampton,3,1,H,0,1,A,15,13,7,4,11,12,6,1,1,2,0,0
4733,Leeds,Sunderland,2,0,H,1,0,H,17,17,8,6,16,20,8,5,3,4,0,0
4734,Leicester,Charlton,3,1,H,1,1,D,9,12,5,8,11,16,5,5,1,2,0,0
4735,Middlesbrough,Chelsea,1,0,H,0,0,D,7,9,4,3,14,16,3,5,0,2,0,0
4736,Newcastle,Bradford,2,1,H,1,0,H,17,7,6,3,16,17,4,3,0,2,0,0
4737,Man United,Liverpool,0,1,A,0,1,A,6,9,4,4,10,11,9,2,1,0,1,0
4738,Tottenham,Arsenal,1,1,D,1,0,H,8,17,4,10,20,14,3,7,2,1,0,0
4739,Coventry,Southampton,1,1,D,1,0,H,12,10,5,2,12,13,8,6,1,1,0,0
4740,Charlton,Everton,1,0,H,1,0,H,10,10,7,4,15,21,13,6,1,4,0,0
4741,Chelsea,Bradford,3,0,H,1,0,H,17,7,8,1,8,12,5,4,0,1,0,0
4742,Derby,Newcastle,2,0,H,1,0,H,8,8,5,4,17,16,2,3,1,2,0,0
4743,Leeds,Aston Villa,1,2,A,0,1,A,15,8,5,5,18,18,10,2,1,4,0,0
4744,Leicester,West Ham,2,1,H,1,1,D,11,11,6,4,7,5,6,5,1,0,0,0
4745,Liverpool,Arsenal,4,0,H,1,0,H,12,12,6,6,18,14,6,3,2,0,0,0
4746,Man United,Ipswich,2,0,H,2,0,H,20,5,4,3,7,8,11,3,0,1,0,0
4747,Sunderland,Man City,1,0,H,1,0,H,9,9,5,3,14,18,8,6,2,2,0,0
4748,Tottenham,Middlesbrough,0,0,D,0,0,D,16,5,8,0,22,13,8,4,2,3,0,0
4749,Arsenal,Leicester,6,1,H,1,0,H,27,2,15,2,14,11,14,0,0,0,0,0
4750,Aston Villa,Man United,0,1,A,0,0,D,6,14,3,3,15,16,2,4,1,2,0,0
4751,Bradford,Sunderland,1,4,A,0,1,A,11,16,3,11,17,17,9,8,2,0,0,0
4752,Everton,Coventry,1,2,A,0,0,D,17,10,9,5,14,16,5,2,2,1,0,0
4753,Ipswich,Chelsea,2,2,D,1,2,A,19,7,13,4,5,9,8,2,0,4,0,0
4754,Man City,Derby,0,0,D,0,0,D,15,14,7,3,15,14,7,7,2,2,0,0
4755,Middlesbrough,Liverpool,1,0,H,1,0,H,7,11,2,5,7,9,2,6,2,2,0,0
4756,Newcastle,Leeds,2,1,H,2,1,H,13,8,4,5,23,17,7,2,4,2,0,0
4757,West Ham,Charlton,5,0,H,3,0,H,17,12,10,8,19,11,5,8,1,0,0,0
4758,Southampton,Tottenham,2,0,H,2,0,H,17,7,6,2,17,13,4,4,1,3,0,0
4759,Arsenal,Sunderland,2,2,D,2,0,H,17,14,9,7,14,18,11,1,0,3,0,0
4760,Ipswich,Tottenham,3,0,H,1,0,H,18,6,9,3,13,17,10,5,0,0,0,0
4761,Man City,Charlton,1,4,A,0,2,A,8,13,1,8,11,14,7,4,1,2,0,0
4762,Middlesbrough,Coventry,1,1,D,0,1,A,14,9,6,3,9,16,4,3,1,3,0,0
4763,Newcastle,Man United,1,1,D,0,1,A,14,8,4,6,13,10,6,3,2,3,0,0
4764,Southampton,Derby,1,0,H,0,0,D,10,9,5,5,17,10,7,6,0,2,0,0
4765,Charlton,Arsenal,1,0,H,1,0,H,9,10,4,5,15,12,6,12,1,1,0,0
4766,Chelsea,Aston Villa,1,0,H,1,0,H,13,7,5,3,15,19,2,5,0,1,0,0
4767,Coventry,Man City,1,1,D,0,0,D,19,10,9,5,16,15,12,8,1,2,0,0
4768,Derby,Everton,1,0,H,1,0,H,7,9,3,6,9,18,5,11,2,3,0,0
4769,Leeds,Middlesbrough,1,1,D,0,1,A,16,5,5,3,14,15,5,1,2,3,0,0
4770,Leicester,Bradford,1,2,A,1,2,A,9,8,3,4,11,14,5,3,0,3,0,0
4771,Liverpool,Southampton,2,1,H,1,1,D,16,7,8,3,8,5,15,2,0,1,0,0
4772,Man United,West Ham,3,1,H,2,0,H,25,9,12,5,17,13,8,2,1,2,0,0
4773,Sunderland,Ipswich,4,1,H,1,1,D,16,9,9,3,15,10,4,3,1,5,0,0
4774,Tottenham,Newcastle,4,2,H,3,1,H,16,9,10,4,11,10,9,6,0,2,1,2
4775,Arsenal,Chelsea,1,1,D,1,0,H,15,12,8,8,13,15,10,3,1,4,0,0
4776,Aston Villa,Liverpool,0,3,A,0,2,A,5,12,1,6,7,10,1,4,2,0,0,0
4777,Bradford,Man United,0,3,A,0,0,D,9,20,3,11,11,11,1,9,1,0,0,0
4778,Everton,Tottenham,0,0,D,0,0,D,17,4,8,1,11,15,9,0,1,0,0,0
4779,Man City,Leeds,0,4,A,0,1,A,5,10,3,6,23,17,4,5,5,3,0,0
4780,Middlesbrough,Derby,4,0,H,1,0,H,13,6,8,3,8,14,4,5,0,4,0,0
4781,Newcastle,Coventry,3,1,H,1,0,H,11,12,6,5,6,9,2,7,0,3,0,0
4782,Southampton,Charlton,0,0,D,0,0,D,17,10,6,4,8,12,9,3,0,0,0,0
4783,West Ham,Sunderland,0,2,A,0,1,A,13,7,6,5,20,21,9,6,4,2,0,0
4784,Ipswich,Leicester,2,0,H,0,0,D,22,6,9,3,14,10,8,1,1,1,0,0
4785,Chelsea,Ipswich,4,1,H,1,1,D,23,5,10,2,11,12,11,1,3,0,0,1
4786,Coventry,Everton,1,3,A,0,3,A,9,8,5,4,9,22,15,3,0,1,0,0
4787,Derby,Man City,1,1,D,0,0,D,9,10,3,4,17,22,5,4,2,2,0,0
4788,Leeds,Newcastle,1,3,A,1,2,A,12,11,5,7,12,18,16,1,2,1,0,0
4789,Leicester,Arsenal,0,0,D,0,0,D,3,13,0,4,6,8,1,9,2,2,1,0
4790,Liverpool,Middlesbrough,0,0,D,0,0,D,22,4,7,2,9,10,7,3,1,1,0,0
4791,Man United,Aston Villa,2,0,H,0,0,D,12,5,7,3,10,19,7,3,1,2,0,0
4792,Tottenham,Southampton,0,0,D,0,0,D,9,9,4,6,10,15,6,0,0,1,0,0
4793,Sunderland,Bradford,0,0,D,0,0,D,14,7,6,3,10,13,8,7,0,1,0,0
4794,Charlton,West Ham,1,1,D,1,0,H,9,18,3,3,11,8,0,5,0,1,0,0
4795,Aston Villa,Leeds,1,2,A,1,1,D,12,7,4,3,11,10,5,3,2,0,0,0
4796,Arsenal,Bradford,2,0,H,2,0,H,20,6,8,2,12,14,6,3,1,2,0,0
4797,Charlton,Derby,2,1,H,1,1,D,13,6,9,3,13,14,9,3,2,1,0,0
4798,Chelsea,Newcastle,3,1,H,1,1,D,14,4,4,2,12,19,7,2,1,3,0,0
